{"cameraMode":{"drawMode":0,"name":"Shaded","section":"Shading Mode"},"sceneLighting":true,"audioPlay":false,"sceneViewState":{"showFog":false,"showMaterialUpdate":false,"showSkybox":false,"showFlares":false,"showImageEffects":false,"showParticleSystems":false},"in2DMode":false,"pivot":{"x":-0.4399374723434448,"y":0.06553452461957932,"z":0.7852405309677124},"rotation":{"x":0.012430151924490929,"y":-0.5596173405647278,"z":0.008394886739552021,"w":0.828615128993988},"size":1.1812477111816407,"orthographic":false}