{"cameraMode":{"drawMode":0,"name":"Shaded","section":"Shading Mode"},"sceneLighting":true,"audioPlay":false,"sceneViewState":{"showFog":false,"showMaterialUpdate":false,"showSkybox":false,"showFlares":false,"showImageEffects":false,"showParticleSystems":false},"in2DMode":false,"pivot":{"x":13.792562484741211,"y":-1.4232673645019532,"z":5.83388614654541},"rotation":{"x":-0.1813710778951645,"y":-0.5915910601615906,"z":0.1387653946876526,"w":-0.7732236981391907},"size":11.47329044342041,"orthographic":false}