{"cameraMode":{"drawMode":0,"name":"Shaded","section":"Shading Mode"},"sceneLighting":true,"audioPlay":false,"sceneViewState":{"showFog":false,"showMaterialUpdate":false,"showSkybox":false,"showFlares":false,"showImageEffects":false,"showParticleSystems":false},"in2DMode":false,"pivot":{"x":16.496444702148439,"y":-8.641951560974121,"z":15.78048324584961},"rotation":{"x":-0.2746559977531433,"y":-0.39704981446266177,"z":0.12583793699741364,"w":-0.8666692972183228},"size":24.56344223022461,"orthographic":false}