{"cameraMode":{"drawMode":0,"name":"Shaded","section":"Shading Mode"},"sceneLighting":true,"audioPlay":false,"sceneViewState":{"showFog":false,"showMaterialUpdate":false,"showSkybox":false,"showFlares":false,"showImageEffects":false,"showParticleSystems":false},"in2DMode":false,"pivot":{"x":7.252649307250977,"y":3.1648473739624025,"z":-1.7533206939697266},"rotation":{"x":0.265358567237854,"y":0.4758744239807129,"z":-0.15317095816135407,"w":0.8244273662567139},"size":12.399412155151368,"orthographic":false}