{"cameraMode":{"drawMode":0,"name":"Shaded","section":"Shading Mode"},"sceneLighting":true,"audioPlay":false,"sceneViewState":{"showFog":true,"showMaterialUpdate":false,"showSkybox":true,"showFlares":true,"showImageEffects":true,"showParticleSystems":true},"in2DMode":false,"pivot":{"x":22.631702423095704,"y":-23.875225067138673,"z":31.376419067382814},"rotation":{"x":-0.29029685258865359,"y":-0.3448646366596222,"z":0.11306692659854889,"w":-0.8854551315307617},"size":37.51594543457031,"orthographic":false}