{"cameraMode":{"drawMode":0,"name":"Shaded","section":"Shading Mode"},"sceneLighting":true,"audioPlay":false,"sceneViewState":{"showFog":false,"showMaterialUpdate":false,"showSkybox":false,"showFlares":false,"showImageEffects":false,"showParticleSystems":false},"in2DMode":false,"pivot":{"x":-9.339287757873536,"y":-1.3316221237182618,"z":-3.7333621978759767},"rotation":{"x":-0.2742299735546112,"y":-0.36231932044029238,"z":0.11244646459817887,"w":-0.8837039470672607},"size":8.982402801513672,"orthographic":false}