{"cameraMode":{"drawMode":0,"name":"Shaded","section":"Shading Mode"},"sceneLighting":true,"audioPlay":false,"sceneViewState":{"showFog":false,"showMaterialUpdate":false,"showSkybox":false,"showFlares":false,"showImageEffects":false,"showParticleSystems":false},"in2DMode":false,"pivot":{"x":8.784260749816895,"y":35.5859375,"z":-14.72052001953125},"rotation":{"x":0.2527864873409271,"y":0.43388375639915469,"z":-0.12824778258800507,"w":0.8552178740501404},"size":46.42212677001953,"orthographic":true}