{"cameraMode":{"drawMode":0,"name":"Shaded","section":"Shading Mode"},"sceneLighting":true,"audioPlay":false,"sceneViewState":{"showFog":false,"showMaterialUpdate":false,"showSkybox":false,"showFlares":false,"showImageEffects":false,"showParticleSystems":false},"in2DMode":false,"pivot":{"x":24.886898040771486,"y":1.7544307708740235,"z":4.818593502044678},"rotation":{"x":-0.19013294577598573,"y":-0.6596193313598633,"z":0.177881121635437,"w":-0.7050835490226746},"size":13.332228660583496,"orthographic":false}