{"cameraMode":{"drawMode":0,"name":"Shaded","section":"Shading Mode"},"sceneLighting":true,"audioPlay":false,"sceneViewState":{"showFog":false,"showMaterialUpdate":false,"showSkybox":false,"showFlares":false,"showImageEffects":false,"showParticleSystems":false},"in2DMode":false,"pivot":{"x":-3.2160329818725588,"y":5.612494468688965,"z":-3.072755813598633},"rotation":{"x":-0.2742299735546112,"y":-0.36231932044029238,"z":0.11244646459817887,"w":-0.8837039470672607},"size":17.880983352661134,"orthographic":false}