{"cameraMode":{"drawMode":0,"name":"Shaded","section":"Shading Mode"},"sceneLighting":false,"audioPlay":false,"sceneViewState":{"showFog":true,"showMaterialUpdate":false,"showSkybox":false,"showFlares":true,"showImageEffects":true,"showParticleSystems":true},"in2DMode":false,"pivot":{"x":0.5279779434204102,"y":0.28769445419311526,"z":-1.1268784999847413},"rotation":{"x":-0.0856541246175766,"y":0.87747722864151,"z":-0.17085891962051392,"w":-0.43989259004592898},"size":3.2660253047943117,"orthographic":false}