{"cameraMode":{"drawMode":0,"name":"Shaded","section":"Shading Mode"},"sceneLighting":true,"audioPlay":false,"sceneViewState":{"showFog":false,"showMaterialUpdate":false,"showSkybox":false,"showFlares":false,"showImageEffects":false,"showParticleSystems":false},"in2DMode":false,"pivot":{"x":-0.80584716796875,"y":-0.6881103515625,"z":0.1365966796875},"rotation":{"x":0.0023980189580470325,"y":0.005999969318509102,"z":-0.000014425295375986025,"w":0.999980092048645},"size":1.13369619846344,"orthographic":true}