{"cameraMode":{"drawMode":0,"name":"Shaded","section":"Shading Mode"},"sceneLighting":true,"audioPlay":false,"sceneViewState":{"showFog":false,"showMaterialUpdate":false,"showSkybox":false,"showFlares":false,"showImageEffects":false,"showParticleSystems":false},"in2DMode":false,"pivot":{"x":79.54850006103516,"y":-69.20771789550781,"z":93.99469757080078},"rotation":{"x":0.24408328533172608,"y":0.33605480194091799,"z":-0.09062157571315766,"w":0.9051410555839539},"size":86.65486145019531,"orthographic":false}