{"cameraMode":{"drawMode":0,"name":"Shaded","section":"Shading Mode"},"sceneLighting":true,"audioPlay":false,"sceneViewState":{"showFog":true,"showMaterialUpdate":false,"showSkybox":true,"showFlares":true,"showImageEffects":true,"showParticleSystems":true},"in2DMode":false,"pivot":{"x":-7.4804792404174809,"y":-5.566044807434082,"z":-0.44884586334228518},"rotation":{"x":-0.11884018778800965,"y":0.8558310270309448,"z":-0.22612136602401734,"w":-0.44978827238082888},"size":15.134017944335938,"orthographic":false}