{"cameraMode":{"drawMode":0,"name":"Shaded","section":"Shading Mode"},"sceneLighting":false,"audioPlay":false,"sceneViewState":{"showFog":true,"showMaterialUpdate":false,"showSkybox":true,"showFlares":true,"showImageEffects":true,"showParticleSystems":true},"in2DMode":false,"pivot":{"x":25.135601043701173,"y":25.233245849609376,"z":16.01153564453125},"rotation":{"x":-0.2536376118659973,"y":-0.42823469638824465,"z":0.13108837604522706,"w":-0.8573979139328003},"size":28.646644592285158,"orthographic":false}