{"cameraMode":{"drawMode":0,"name":"Shaded","section":"Shading Mode"},"sceneLighting":false,"audioPlay":false,"sceneViewState":{"showFog":true,"showMaterialUpdate":false,"showSkybox":true,"showFlares":true,"showImageEffects":true,"showParticleSystems":true},"in2DMode":false,"pivot":{"x":32.91160583496094,"y":-46.240562438964847,"z":24.38330841064453},"rotation":{"x":0.31001514196395876,"y":0.41663405299186709,"z":-0.15829643607139588,"w":0.8398061394691467},"size":58.873844146728519,"orthographic":false}