{"cameraMode":{"drawMode":0,"name":"Shaded","section":"Shading Mode"},"sceneLighting":false,"audioPlay":false,"sceneViewState":{"showFog":true,"showMaterialUpdate":false,"showSkybox":true,"showFlares":true,"showImageEffects":true,"showParticleSystems":true},"in2DMode":false,"pivot":{"x":10.80447006225586,"y":-3.179861068725586,"z":12.215621948242188},"rotation":{"x":0.21465404331684113,"y":0.3566761612892151,"z":-0.08457202464342118,"w":0.9052987098693848},"size":12.992815017700196,"orthographic":false}