{"cameraMode":{"drawMode":0,"name":"Shaded","section":"Shading Mode"},"sceneLighting":false,"audioPlay":false,"sceneViewState":{"showFog":true,"showMaterialUpdate":false,"showSkybox":true,"showFlares":true,"showImageEffects":true,"showParticleSystems":true},"in2DMode":false,"pivot":{"x":931.9031982421875,"y":709.189453125,"z":4693.0771484375},"rotation":{"x":-0.07351987808942795,"y":0.026364143937826158,"z":0.0018425702583044768,"w":-0.99695885181427},"size":4252.14208984375,"orthographic":false}