{"cameraMode":{"drawMode":0,"name":"Shaded","section":"Shading Mode"},"sceneLighting":false,"audioPlay":false,"sceneViewState":{"showFog":true,"showMaterialUpdate":false,"showSkybox":true,"showFlares":true,"showImageEffects":true,"showParticleSystems":true},"in2DMode":false,"pivot":{"x":13.545135498046875,"y":-8.463350296020508,"z":0.23035621643066407},"rotation":{"x":0.14266540110111237,"y":0.8414536118507385,"z":-0.2689037621021271,"w":0.4464479088783264},"size":20.284542083740236,"orthographic":false}